step,epoch,training_mse,validation_mse,phase,learning_rate
1,0.0011636363636363637,1.0327147245407104,1.0396586656570435,original_256_image_validation,
250,0.2909090909090909,0.06667151302099228,0.12566223740577698,original_256_image_validation,
500,0.5818181818181818,0.052783869206905365,0.06557067483663559,original_256_image_validation,
750,0.8727272727272727,0.057140231132507324,0.051537852734327316,original_256_image_validation,
1000,1.1636363636363636,0.04886811971664429,0.0472092479467392,original_256_image_validation,
1250,1.4545454545454546,0.04753922298550606,0.045136645436286926,original_256_image_validation,
1500,1.7454545454545454,0.04346552491188049,0.04387582093477249,original_256_image_validation,
1750,2.036363636363636,0.04594825208187103,0.04291761666536331,original_256_image_validation,
2000,2.327272727272727,0.029906505718827248,0.04210580140352249,original_256_image_validation,
2250,2.618181818181818,0.049349989742040634,0.0415530689060688,original_256_image_validation,
2500,2.909090909090909,0.04091815650463104,0.0411473773419857,original_256_image_validation,
2750,3.2,0.04254220426082611,0.04079844802618027,original_256_image_validation,
3000,3.4909090909090907,0.03456839174032211,0.040531791746616364,original_256_image_validation,
3250,3.7818181818181817,0.037697385996580124,0.04022853076457977,original_256_image_validation,
3500,4.072727272727272,0.037951476871967316,0.04006368666887283,original_256_image_validation,
3750,4.363636363636363,0.03781154006719589,0.03973817825317383,original_256_image_validation,
4000,4.654545454545454,0.040565796196460724,0.039608798921108246,original_256_image_validation,
4250,4.945454545454545,0.03851019963622093,0.03937786445021629,original_256_image_validation,
4500,5.236363636363636,0.03168819472193718,0.039211105555295944,original_256_image_validation,
4750,5.527272727272727,0.03780750930309296,0.039115406572818756,original_256_image_validation,
5000,5.818181818181818,0.04443059489130974,0.03896376118063927,original_256_image_validation,
5250,6.109090909090909,0.04158991202712059,0.038855526596307755,original_256_image_validation,
5500,6.4,0.04593795910477638,0.038772158324718475,original_256_image_validation,
5750,6.6909090909090905,0.031527817249298096,0.038681142032146454,original_256_image_validation,
6000,6.9818181818181815,0.03658590838313103,0.038559895008802414,original_256_image_validation,
6250,7.2727272727272725,0.041848842054605484,0.03847913816571236,original_256_image_validation,
6500,7.5636363636363635,0.03646980971097946,0.038375355303287506,original_256_image_validation,
6750,7.8545454545454545,0.04793000593781471,0.03833839297294617,original_256_image_validation,
7000,8.145454545454545,0.04466681554913521,0.03826477751135826,original_256_image_validation,
7250,8.436363636363636,0.03837479650974274,0.03821713104844093,original_256_image_validation,
7500,8.727272727272727,0.03895173594355583,0.038190897554159164,original_256_image_validation,
7750,9.018181818181818,0.04449288547039032,0.03812661021947861,original_256_image_validation,
8000,9.309090909090909,0.03896749019622803,0.03803950920701027,original_256_image_validation,
8250,9.6,0.04330306500196457,0.03811367601156235,original_256_image_validation,
8500,9.89090909090909,0.043784450739622116,0.03804395720362663,original_256_image_validation,
8750,10.181818181818182,0.045899923890829086,0.03801213577389717,original_256_image_validation,
9000,10.472727272727273,0.03957224637269974,0.038001347333192825,original_256_image_validation,
9250,10.763636363636364,0.03752923011779785,0.03794524073600769,original_256_image_validation,
9500,11.054545454545455,0.03140639141201973,0.037872184067964554,original_256_image_validation,
9750,11.345454545454546,0.0339093878865242,0.03784828633069992,original_256_image_validation,
10000,11.636363636363637,0.036144159734249115,0.037796828895807266,original_256_image_validation,
10250,11.927272727272728,0.04261504486203194,0.03774036653339863,original_256_image_validation,
10500,12.218181818181819,0.0356142520904541,0.03770090360194445,original_256_image_validation,
10750,12.50909090909091,0.04810018464922905,0.03768717497587204,original_256_image_validation,
11000,12.8,0.04155721515417099,0.037636341992765665,original_256_image_validation,
11250,13.090909090909092,0.03289372846484184,0.03754216805100441,original_256_image_validation,
11500,13.381818181818181,0.032032329589128494,0.037512912414968014,original_256_image_validation,
11750,13.672727272727272,0.025764480233192444,0.037537889555096626,original_256_image_validation,
12000,13.963636363636363,0.04129670560359955,0.03749115113168955,original_256_image_validation,
12250,14.254545454545454,0.03364076465368271,0.03739621164277196,original_256_image_validation,
12500,14.545454545454545,0.04630742222070694,0.03746996819972992,original_256_image_validation,
12750,14.836363636363636,0.032981447875499725,0.03743676468729973,original_256_image_validation,
13000,15.127272727272727,0.04509337618947029,0.037413370329886675,original_256_image_validation,
13250,15.418181818181818,0.041163451969623566,0.0373596902936697,original_256_image_validation,
13500,15.709090909090909,0.041758742183446884,0.037331401370465755,original_256_image_validation,
13750,16.0,0.03904649242758751,0.037309224251657724,original_256_image_validation,
14000,16.29090909090909,0.04098111018538475,0.037298612762242556,original_256_image_validation,
14250,16.581818181818182,0.033962953835725784,0.037318780552595854,original_256_image_validation,
14500,16.87272727272727,0.04246675968170166,0.037336818873882294,original_256_image_validation,
14750,17.163636363636364,0.03830135986208916,0.037329927552491426,original_256_image_validation,
15000,17.454545454545453,0.0339323990046978,0.03729805629700422,original_256_image_validation,
15250,17.745454545454546,0.04092874750494957,0.03724072827026248,original_256_image_validation,
15500,18.036363636363635,0.03861023113131523,0.03724122513085604,original_256_image_validation,
15750,18.327272727272728,0.03624057397246361,0.03720554942265153,original_256_image_validation,
16000,18.618181818181817,0.04003645479679108,0.037214015144854784,original_256_image_validation,
16250,18.90909090909091,0.038111306726932526,0.037236358504742384,original_256_image_validation,
16500,19.2,0.03149828314781189,0.03722016792744398,original_256_image_validation,
16750,19.490909090909092,0.04102169722318649,0.037218643352389336,original_256_image_validation,
17000,19.78181818181818,0.03418002650141716,0.03723349142819643,original_256_image_validation,
17250,20.072727272727274,0.03955349698662758,0.03721359884366393,original_256_image_validation,
17500,20.363636363636363,0.03198722377419472,0.03719859942793846,original_256_image_validation,
17750,20.654545454545456,0.041316479444503784,0.037177914287894964,original_256_image_validation,
18000,20.945454545454545,0.03255338966846466,0.037153711542487144,original_256_image_validation,
18250,21.236363636363638,0.03179311379790306,0.03716221917420626,original_256_image_validation,
18500,21.527272727272727,0.03613171726465225,0.03713742410764098,original_256_image_validation,
18750,21.818181818181817,0.03058835119009018,0.03714082483202219,original_256_image_validation,
19000,22.10909090909091,0.038878872990608215,0.03713982366025448,original_256_image_validation,
19250,22.4,0.035610347986221313,0.03714769147336483,original_256_image_validation,
19500,22.69090909090909,0.03810437396168709,0.03713182918727398,original_256_image_validation,
19750,22.98181818181818,0.03539866954088211,0.03712663007900119,original_256_image_validation,
20000,23.272727272727273,0.03460203483700752,0.03711809031665325,original_256_image_validation,
11000,12.8,,0.038213322579395026,continuation_1024_images_2_draws,0.0002934044210332718
12000,13.963636363636363,,0.03810454759513959,continuation_1024_images_2_draws,0.0002742372358686143
13000,15.127272727272727,,0.03800203313585371,continuation_1024_images_2_draws,0.000244375027679657
14000,16.29090909090909,,0.03793637873604894,continuation_1024_images_2_draws,0.00020674149736012702
15000,17.454545454545453,,0.03784966189414263,continuation_1024_images_2_draws,0.0001650212078711116
16000,18.618181818181817,,0.03780588827794418,continuation_1024_images_2_draws,0.0001232988419960724
17000,19.78181818181818,,0.03776747459778562,continuation_1024_images_2_draws,8.56592858099234e-05
18000,20.945454545454545,,0.03773196891415864,continuation_1024_images_2_draws,5.5787692244577524e-05
19000,22.10909090909091,,0.03771472064545378,continuation_1024_images_2_draws,3.660868108204895e-05
20000,23.272727272727273,,0.03770745894871652,continuation_1024_images_2_draws,3e-05
