method,steps,h,nfe,median_rmse,mean_rmse,q25,q75,worst_rmse,label_agreement,median_seconds,min_seconds,max_seconds
Euler,20,0.05,20,0.034383925961175746,0.04798187077225276,0.022943663970960097,0.051742535023588776,0.3916128502946651,0.97,0.1669762089732103,0.1668104160344228,0.1673934170394204
Euler,40,0.025,40,0.018006631123838726,0.02749258966621023,0.012851423732218963,0.026501331310858172,0.2884329536851984,0.97,0.3325651669874787,0.332184084050823,0.3342697090120055
Euler,80,0.0125,80,0.008765632449637214,0.013778421379495902,0.006646425796856477,0.013202127364839129,0.1681558747389289,0.97,0.6670802920125425,0.6670615000184625,0.6678923339932226
Euler,160,0.00625,160,0.004666664285165344,0.0057834178386036465,0.00343039248370554,0.006737759188376859,0.029256333650095737,0.97,1.3293989999801852,1.3288995830225758,1.3297740829875693
Euler,320,0.003125,320,0.0022163180199399985,0.0028576175259390157,0.0015349669433237004,0.003216493020365681,0.012818661692033193,0.97,2.660871291998774,2.6593523339834064,2.6648025829927064
Heun,10,0.1,20,0.07224523498332766,0.07661975114250255,0.0621603416694105,0.08386664462077238,0.2793186404999163,0.97,0.1672802919638343,0.1667742499848827,0.1676930409739725
Heun,20,0.05,40,0.03182640397539656,0.03188039907371785,0.024348127474676892,0.036711681323600406,0.10754655877127577,0.97,0.3344847499975003,0.334431333001703,0.3345057499827817
Heun,40,0.025,80,0.013849266371505867,0.013615382693092946,0.010735847330347702,0.016345057900660293,0.021824289490138604,0.97,0.666009959008079,0.6655837079742923,0.6699334160075523
Heun,80,0.0125,160,0.005858089459670111,0.00611235487068248,0.004752296324333738,0.007141515320766747,0.013470446371914682,0.97,1.3315701250103302,1.330336040991824,1.335027000051923
Heun,160,0.00625,320,0.002909476362580035,0.0031887039710589483,0.002463909253921522,0.003397346025815221,0.008490454804513926,0.97,2.6630660420050845,2.662006917002145,2.665335084020626
RK4,5,0.2,20,0.05372444058995128,0.056804284208391224,0.048147646705477734,0.05938630996694866,0.26345978359241107,0.97,0.1685795420198701,0.1667157920310273,0.1696491669863462
RK4,10,0.1,40,0.023247451497467944,0.02292946773426016,0.01993986671772572,0.02590814240309018,0.0348578031759562,0.97,0.3340809579822235,0.3324789580074139,0.3347975829965435
RK4,20,0.05,80,0.010167906134869207,0.010018747604278901,0.008642703609494443,0.011404524866135884,0.017352521391933128,0.97,0.6675445419969037,0.6657467080513015,0.6676074169808999
RK4,40,0.025,160,0.004150828097594617,0.004547787139253118,0.0036176861355700445,0.004969736613013783,0.014729790493623853,0.97,1.33117099996889,1.330710333015304,1.3352483329945244
RK4,80,0.0125,320,0.002101407650766952,0.002548791194183297,0.0017644084653672897,0.002687742697357761,0.009720215589206709,0.97,2.6646962499944493,2.6641374160535634,2.6653079999960028
