method,steps,h,nfe,median_rmse,mean_rmse,q25,q75,worst_rmse,label_agreement
Euler,1,1.0,1,0.44721408239323984,0.4395951517203892,0.4049431843214408,0.4855766476426657,0.6153535035264163,1.0
Euler,2,0.5,2,0.3044466949977379,0.3062300851633321,0.23689458324784735,0.3819149337116133,0.5658790193309695,1.0
Euler,3,0.3333333333333333,3,0.2091752827135741,0.22203025926317876,0.15385022061770998,0.28136954790915275,0.5334482559422594,0.99
Euler,5,0.2,5,0.1271706516993737,0.1461770209716917,0.08693989353357295,0.18084633650142168,0.5212383029430939,0.98
Euler,10,0.1,10,0.06502467431928649,0.0853804551143441,0.044310619877205526,0.09709146302824923,0.5040676544491867,0.97
Euler,20,0.05,20,0.034383925961175746,0.04798187077225276,0.022943663970960097,0.051742535023588776,0.3916128502946651,0.97
Euler,40,0.025,40,0.018006631123838726,0.02749258966621023,0.012851423732218963,0.026501331310858172,0.2884329536851984,0.97
Euler,80,0.0125,80,0.008765632449637214,0.013778421379495902,0.006646425796856477,0.013202127364839129,0.1681558747389289,0.97
Euler,160,0.00625,160,0.004666664285165344,0.0057834178386036465,0.00343039248370554,0.006737759188376859,0.029256333650095737,0.97
Euler,320,0.003125,320,0.0022163180199399985,0.0028576175259390157,0.0015349669433237004,0.003216493020365681,0.012818661692033193,0.97
Euler,640,0.0015625,640,0.0011367955427597559,0.0014552928194905821,0.0008117285221761455,0.0016391392550455216,0.006153133599766525,0.97
Heun,1,1.0,2,1.1137727562883772,1.117564610327957,1.0972143978548983,1.1359073485311952,1.2101574002613753,0.14
Heun,2,0.5,4,0.5219150672589534,0.5084123845978524,0.439207897800743,0.5695394645974783,0.7539079643668217,0.99
Heun,3,0.3333333333333333,6,0.32784503996508574,0.3350304359973253,0.2921480285326431,0.3614484255971392,0.5991645859297104,0.98
Heun,5,0.2,10,0.17888721762093704,0.1810098018559491,0.1489367822058978,0.19438964080057175,0.47395213376926953,0.97
Heun,10,0.1,20,0.07224523498332766,0.07661975114250255,0.0621603416694105,0.08386664462077238,0.2793186404999163,0.97
Heun,20,0.05,40,0.03182640397539656,0.03188039907371785,0.024348127474676892,0.036711681323600406,0.10754655877127577,0.97
Heun,40,0.025,80,0.013849266371505867,0.013615382693092946,0.010735847330347702,0.016345057900660293,0.021824289490138604,0.97
Heun,80,0.0125,160,0.005858089459670111,0.00611235487068248,0.004752296324333738,0.007141515320766747,0.013470446371914682,0.97
Heun,160,0.00625,320,0.002909476362580035,0.0031887039710589483,0.002463909253921522,0.003397346025815221,0.008490454804513926,0.97
Heun,320,0.003125,640,0.0008364838873463269,0.0008107951793424942,0.0006995669102866639,0.0009432736558724537,0.001214909559107973,0.97
Heun,640,0.0015625,1280,0.0002489639611451337,0.0002444661296587136,0.0002026533413603177,0.00028857297517230474,0.0003841712481281364,0.97
RK4,1,1.0,4,0.34530290554439097,0.35778941427133915,0.29897409483976095,0.4038536426817712,0.6017264614742466,0.99
RK4,2,0.5,8,0.14729675443256587,0.15370285667034034,0.13316105366448067,0.15873797394938435,0.4665734171785159,0.97
RK4,3,0.3333333333333333,12,0.09846364889842657,0.09893948802011543,0.08949293083101059,0.10549020832429336,0.1617166996277961,0.97
RK4,5,0.2,20,0.05372444058995128,0.056804284208391224,0.048147646705477734,0.05938630996694866,0.26345978359241107,0.97
RK4,10,0.1,40,0.023247451497467944,0.02292946773426016,0.01993986671772572,0.02590814240309018,0.0348578031759562,0.97
RK4,20,0.05,80,0.010167906134869207,0.010018747604278901,0.008642703609494443,0.011404524866135884,0.017352521391933128,0.97
RK4,40,0.025,160,0.004150828097594617,0.004547787139253118,0.0036176861355700445,0.004969736613013783,0.014729790493623853,0.97
RK4,80,0.0125,320,0.002101407650766952,0.002548791194183297,0.0017644084653672897,0.002687742697357761,0.009720215589206709,0.97
RK4,160,0.00625,640,0.000708654598481093,0.000855685741635674,0.0005855948867953505,0.0008853334557630695,0.002903503028616994,0.97
RK4,320,0.003125,1280,7.413626200549329e-05,7.300398618251188e-05,5.3153160467990564e-05,9.128426926475982e-05,0.00014507549828401183,0.97
RK4,640,0.0015625,2560,1.4750916007483502e-05,1.518970320897462e-05,1.0033245897308526e-05,2.111743296674121e-05,3.878430941574176e-05,0.97
