repeat,run_order,method,steps,nfe,seconds_per_batch,batch_size
0,0,Euler,80,80,0.6670802920125425,100
0,1,Euler,40,40,0.332184084050823,100
0,2,RK4,80,320,2.6641374160535634,100
0,3,Euler,320,320,2.660871291998774,100
0,4,RK4,10,40,0.3347975829965435,100
0,5,Euler,20,20,0.16739341703942046,100
0,6,RK4,20,80,0.6657467080513015,100
0,7,Heun,20,40,0.33448474999750033,100
0,8,Heun,40,80,0.6699334160075523,100
0,9,RK4,40,160,1.330710333015304,100
0,10,Heun,160,320,2.6630660420050845,100
0,11,Heun,10,20,0.16728029196383432,100
0,12,Heun,80,160,1.3315701250103302,100
0,13,Euler,160,160,1.3288995830225758,100
0,14,RK4,5,20,0.16857954201987013,100
1,0,Heun,40,80,0.6655837079742923,100
1,1,RK4,80,320,2.6646962499944493,100
1,2,RK4,40,160,1.33117099996889,100
1,3,RK4,5,20,0.16964916698634624,100
1,4,Heun,10,20,0.16769304097397253,100
1,5,Euler,160,160,1.3293989999801852,100
1,6,RK4,10,40,0.3340809579822235,100
1,7,Heun,80,160,1.335027000051923,100
1,8,Euler,80,80,0.6678923339932226,100
1,9,Euler,320,320,2.6593523339834064,100
1,10,RK4,20,80,0.6675445419969037,100
1,11,Heun,160,320,2.665335084020626,100
1,12,Euler,40,40,0.3342697090120055,100
1,13,Heun,20,40,0.3345057499827817,100
1,14,Euler,20,20,0.16681041603442281,100
2,0,RK4,20,80,0.6676074169808999,100
2,1,Heun,10,20,0.16677424998488277,100
2,2,Euler,80,80,0.6670615000184625,100
2,3,Heun,160,320,2.662006917002145,100
2,4,RK4,40,160,1.3352483329945244,100
2,5,Euler,40,40,0.33256516698747873,100
2,6,RK4,10,40,0.3324789580074139,100
2,7,Heun,40,80,0.666009959008079,100
2,8,Euler,320,320,2.6648025829927064,100
2,9,Heun,80,160,1.3303360409918241,100
2,10,Euler,20,20,0.1669762089732103,100
2,11,RK4,5,20,0.16671579203102738,100
2,12,Heun,20,40,0.334431333001703,100
2,13,RK4,80,320,2.6653079999960028,100
2,14,Euler,160,160,1.3297740829875693,100
